number,group,toxicant,time,Casp7,Chek,Gclc,Gstm1,Gstp1,Gstt1,Hmox,Nfe2l2,Nqo1,Ripk,Sod1,AST,ALT,LDG,AP,TG,HST,protein,MA
22,Geptor,APAP,24h,-.551666667,-1.432857143,.038571429,-.078571429,-1.084285714,.278571429,-.491428571,-1.6,1.918571429,-.568571429,1.111428571,126.3,65.6,1254,354.3,1.7,2.14,66.5,121.8
23,Geptor,APAP,24h,-.231666667,-3.512857143,-.681428571,.691428571,-.804285714,-.331428571,-1.661428571,-1.57,2.198571429,-1.148571429,-.728571429,176.5,63.2,1973,485,.8,2.08,58.7,149.2
24,Geptor,APAP,24h,-.561666667,-1.252857143,.488571429,.521428571,-.384285714,-.221428571,-.941428571,-1.48,1.908571429,-1.248571429,-.268571429,175.9,69.8,2474,232.1,1.86,2.39,71.1,135
25,Geptor,APAP,24h,-.891666667,-.212857143,.498571429,2.251428571,-2.344285714,-.081428571,.188571429,-.82,3.368571429,-.638571429,-.078571429,148.1,54.7,1438,485,1.7,2.47,65.6,125.8
26,Geptor,APAP,24h,.128333333,-1.312857143,.178571429,2.511428571,.315714286,-.251428571,.258571429,-1.58,2.058571429,-.208571429,.111428571,191.7,52.7,2339,595.4,.86,3.09,57.5,99.2
27,Geptor,APAP,24h,-.721666667,-1.432857143,.088571429,-.208571429,.065714286,.218571429,-1.781428571,-.64,2.748571429,-.598571429,1.191428571,175.9,78.4,1973,483.5,1.66,2.24,68.6,128.8
28,Geptor,APAP,24h,-.871666667,.647142857,.358571429,.331428571,-1.174285714,.298571429,1.338571429,-.46,1.528571429,6.081428571,-.498571429,153.5,73.6,1900,477.3,1.7,2.43,64.9,113.1
22,Geptor,APAP,72h,.481428571,.42,.052857143,2.815714286,1.104285714,1.051428571,-.491428571,1.085714286,1.747142857,1.072857143,.792857143,221.2,50.3,2477,161,1.02,2.21,63.6,105.4
23,Geptor,APAP,72h,1.171428571,-.25,1.852857143,1.715714286,.984285714,.351428571,-1.661428571,-.004285714,.487142857,.142857143,.222857143,159.5,48.4,2717,173.8,.88,2.18,70.1,123.3
24,Geptor,APAP,72h,.711428571,.52,-.067142857,1.375714286,1.694285714,.931428571,-.941428571,.375714286,.437142857,.592857143,.452857143,184.6,67.3,2424,246.2,.58,2.09,70.9,117.1
25,Geptor,APAP,72h,.891428571,-.43,-.357142857,2.115714286,-.495714286,-.438571429,.188571429,.415714286,2.017142857,1.102857143,1.112857143,183.1,41.8,2424,384,.87,1.98,77.2,158.7
26,Geptor,APAP,72h,.671428571,-.91,-.237142857,1.695714286,2.964285714,1.171428571,.258571429,-.944285714,.547142857,-.567142857,-.957142857,133.1,49.8,1709,437.4,.88,2.06,60.6,93.7
27,Geptor,APAP,72h,.821428571,.32,.462857143,2.615714286,2.264285714,.201428571,-1.781428571,-.534285714,1.817142857,1.412857143,-.257142857,210.6,45.4,2001,384,.7,2.25,75.8,121.4
28,Geptor,APAP,72h,.471428571,-2.23,-2.087142857,.485714286,.134285714,.801428571,1.338571429,-1.544285714,1.117142857,.202857143,-.787142857,159.5,49.8,1824,455.8,.62,3.23,68.4,111
22,Geptor,CCL4,24h,-1.272857143,-.822857143,-2.522857143,-.992857143,-.434285714,-1.024285714,-.347142857,-3.054285714,.27,-.717142857,-1.125714286,175.6,51.9,2424,284.7,.51,1.19,67.9,122.1
23,Geptor,CCL4,24h,-1.102857143,-.842857143,-2.332857143,-1.012857143,-.724285714,.445714286,1.142857143,-2.704285714,1.52,-1.067142857,-1.025714286,282,58.4,2845,367.4,.45,1.68,76.3,139.3
24,Geptor,CCL4,24h,-1.672857143,-.682857143,-.482857143,-.862857143,-.244285714,.565714286,1.122857143,-1.764285714,1.13,-.147142857,-1.285714286,184.4,60.5,1709,326.2,.4,2.26,64.8,122.7
25,Geptor,CCL4,24h,-1.442857143,-.932857143,-2.042857143,-1.242857143,-.734285714,1.355714286,1.252857143,-1.214285714,1.67,-1.097142857,-.785714286,190.4,50.9,1928,419.7,.84,1.82,60.8,126.7
26,Geptor,CCL4,24h,-.822857143,.097142857,-3.532857143,-1.232857143,-1.364285714,2.165714286,-.127142857,-1.184285714,1.59,-.547142857,-1.155714286,248.1,64.5,2476,408.9,.6,1.97,61.6,133.5
27,Geptor,CCL4,24h,-1.122857143,-1.692857143,-3.272857143,-1.472857143,-.714285714,1.205714286,1.632857143,.265714286,0,-.567142857,.014285714,241.9,48.3,2503,251.9,.68,1.86,70.3,154.4
28,Geptor,CCL4,24h,-1.032857143,-2.292857143,-3.652857143,-1.142857143,.245714286,.725714286,1.302857143,-.204285714,.71,-.907142857,-.735714286,237.6,58.4,2561,427,.47,1.38,68.1,131.9
22,Geptor,CCL4,72h,1.147142857,.042857143,-.571428571,-.491428571,1.178571429,.647142857,2.174285714,1.945714286,2.388571429,-1.138571429,-.598571429,220.6,72.8,1259,383.6,.63,1.43,57.8,112.5
23,Geptor,CCL4,72h,1.417142857,-1.457142857,-.491428571,-2.221428571,.168571429,-.952857143,2.704285714,.175714286,3.258571429,-1.028571429,-1.088571429,263.4,66.8,1364,283.1,.55,1.43,61.1,126.1
24,Geptor,CCL4,72h,1.117142857,-.537142857,-.491428571,-2.191428571,-.031428571,-1.042857143,3.254285714,.155714286,2.928571429,-1.058571429,-.908571429,281.9,78.6,940.7,378.7,.54,1.61,75.9,209.6
25,Geptor,CCL4,72h,1.337142857,1.302857143,-.691428571,-1.801428571,.328571429,-.102857143,3.074285714,.655714286,3.688571429,-.938571429,-1.138571429,244,53.8,1511,269.5,.89,1.47,63.4,140.6
26,Geptor,CCL4,72h,.787142857,-.177142857,-.281428571,-2.961428571,2.218571429,-.272857143,1.354285714,-.594285714,3.218571429,-.738571429,-1.128571429,226.9,70.5,1496,419.9,.63,1.78,73.1,112.8
27,Geptor,CCL4,72h,1.317142857,-.727142857,-.841428571,-2.341428571,.838571429,-.882857143,1.014285714,-.184285714,2.828571429,-1.098571429,-1.458571429,218.9,93.3,1435,504.4,.91,1.72,70.2,137.2
28,Geptor,CCL4,72h,.167142857,-.507142857,-1.331428571,-1.691428571,.838571429,-.172857143,2.304285714,-.534285714,2.128571429,-.678571429,-.638571429,218.9,70.5,1443,390.2,.71,1.78,70.6,109.1
22,Geptor,EtOH,24h,1.271666667,.201428571,-.312857143,8.097142857,.19,.452857143,-4.714285714,-3.931428571,1.7,1.048571429,.393333333,137.8,39.8,1466,428.2,1.06,1.78,68.9,93.4
23,Geptor,EtOH,24h,-.32,-1.048571429,-.392857143,1.037142857,-.08,.822857143,-6.414285714,-5.581428571,.52,-.551428571,-.936666667,138.5,31.6,2007,371.6,.45,2.22,60.8,105.7
24,Geptor,EtOH,24h,.201666667,-.258571429,-.082857143,2.737142857,1.08,.402857143,-6.084285714,-4.851428571,.29,-.091428571,-.186666667,132.8,26.3,1981,394.1,.74,1.59,57.1,98
25,Geptor,EtOH,24h,-.748333333,-.708571429,-.602857143,1.607142857,.76,.122857143,-7.254285714,-5.961428571,-1.67,-.931428571,-.386666667,121.6,29.3,1610,240.5,.83,1.74,58.1,125.8
26,Geptor,EtOH,24h,.301666667,-.408571429,-.372857143,-2.262857143,.78,.612857143,-6.874285714,-4.951428571,.99,-.521428571,-.996666667,140.8,32.9,1595,424,1.43,1.98,64.6,126.4
27,Geptor,EtOH,24h,-.318333333,.841428571,-.892857143,2.287142857,1.42,.882857143,-6.874285714,-5.451428571,2.45,.718571429,.803333333,142.3,38.2,1525,357.3,.68,2.37,57.6,115
28,Geptor,EtOH,24h,-.528333333,.801428571,-.702857143,-1.292857143,.92,.822857143,-5.694285714,-4.291428571,1.72,-.391428571,.173333333,133.3,36.3,1675,335.3,1.88,2.5,64.5,143
22,Geptor,EtOH,72h,-.468,-2.581666667,-.565,-.881428571,-2.13,-1.422857143,-2.335714286,-.815714286,.215714286,-1.857142857,-2.28,136.2,33.4,993.9,317.3,.81,1.67,52.6,134.4
23,Geptor,EtOH,72h,-.758,-.881666667,-.195,-1.131428571,-1.81,-1.352857143,1.154285714,-1.225714286,1.435714286,-1.387142857,-2.59,138.1,22,1442,320.9,.66,1.83,59.4,139.4
24,Geptor,EtOH,72h,-.928,-1.601666667,.395,-1.141428571,-.57,-1.792857143,-1.555714286,-.745714286,.805714286,-1.757142857,-1.86,136.2,33.4,993.9,317.3,.81,1.67,52.6,134.4
25,Geptor,EtOH,72h,-.278,-1.591666667,-.305,.128571429,-1.44,-1.042857143,-.915714286,-1.005714286,.165714286,-.147142857,-1.2,162.3,28,1370,310.9,1.13,1.68,72.5,122.2
26,Geptor,EtOH,72h,-1.548,.398333333,-.225,-.981428571,-1.21,-1.542857143,-1.015714286,-.655714286,2.135714286,-1.407142857,-1.91,136.2,33.4,993.9,317.3,.81,1.67,52.6,134.4
27,Geptor,EtOH,72h,-.168,-.341666667,-.125,-.921428571,-1.35,-1.832857143,-2.245714286,-.445714286,.055714286,-1.527142857,.2,138.1,22,1442,320.9,.66,1.83,59.4,139.4
28,Geptor,EtOH,72h,.532,-.501666667,-.275,-.451428571,-1.5,-1.412857143,-1.565714286,-.435714286,.595714286,-.707142857,-2.65,161.6,17,1371,345.4,.64,1.48,68.5,194.1
1,K-,APAP,24h,-.331666667,-.232857143,.188571429,-.358571429,.535714286,.028571429,.258571429,-.1,.028571429,.181428571,-.258571429,175.6,61.9,2228,268.7,.83,2.37,73.7,142.7
2,K-,APAP,24h,-.02,-.922857143,.088571429,.341428571,.755714286,.208571429,-.291428571,.59,.958571429,.021428571,.611428571,282,46.7,3060,247.5,.83,2.16,73.3,131.3
3,K-,APAP,24h,-.281666667,1.427142857,.988571429,-.038571429,.845714286,-.131428571,-.331428571,.52,-.851428571,.351428571,.441428571,184.4,50.3,2807,418.8,.93,2.87,73.6,121.8
4,K-,APAP,24h,.338333333,-.672857143,-1.081428571,-1.018571429,-2.354285714,.038571429,.578571429,-.23,-.011428571,-.848571429,.451428571,190.4,41.2,1557,274.1,1.03,1.34,74.1,125.8
5,K-,APAP,24h,.138333333,-.672857143,-.011428571,-1.658571429,-.744285714,-.411428571,-.801428571,-.56,-.851428571,-.258571429,-.458571429,248.1,50.8,2147,290,1,2.27,69.2,131
6,K-,APAP,24h,-.021666667,.677142857,.558571429,1.101428571,-.104285714,.418571429,.458571429,.03,.798571429,.561428571,-.208571429,241.9,55.6,1988,280.1,1.03,1.62,71.5,137.5
1,K-,APAP,72h,.071428571,-.82,-.387142857,.045714286,-.085714286,.161428571,.258571429,-.884285714,-1.742857143,-.047142857,.002857143,187.2,59.6,2095,305,.97,1.81,71.3,110.3
2,K-,APAP,72h,.091428571,-.65,-1.347142857,.325714286,.864285714,.281428571,-.291428571,-.594285714,.377142857,-.767142857,.162857143,140.7,38.6,1988,246.1,1.12,1.57,67.4,105.7
3,K-,APAP,72h,-.468571429,-.33,-.427142857,.835714286,.234285714,.171428571,-.331428571,-.024285714,-1.612857143,-.217142857,-.167142857,173.4,46,1988,305,1.01,2.23,68,110.3
4,K-,APAP,72h,.041428571,3.22,-1.127142857,.325714286,-.185714286,-.628571429,.578571429,.535714286,-.872857143,-.507142857,.422857143,161.6,57.5,2225,246.1,.71,2.47,71.7,121.8
5,K-,APAP,72h,-.308571429,-.9,1.242857143,-.674285714,.074285714,-.748571429,-.801428571,-.294285714,-1.052857143,-.157142857,-.297142857,192,62.6,2223,399.8,.96,2.61,71.7,141.5
6,K-,APAP,72h,-.208571429,.36,1.922857143,-.324285714,-.215714286,.831428571,.458571429,.895714286,-.482857143,.912857143,-.137142857,168.4,60,1995,358.1,.83,2.54,65.4,122.7
7,K-,APAP,72h,.781428571,-.88,.122857143,-.534285714,-.685714286,-.068571429,-.015,.365714286,-.96,.782857143,.012857143,157.6,52.2,1812,290,.74,2.16,66.8,106.6
1,K-,CCL4,24h,.947142857,1.317142857,-1.252857143,.727142857,2.275714286,-1.214285714,1.292857143,.505714286,-.93,.502857143,-.895714286,175.6,61.9,2228,268.7,.83,2.37,73.7,142.7
2,K-,CCL4,24h,.037142857,.517142857,-.612857143,.237142857,-.114285714,1.755714286,-.177142857,-.924285714,-.97,.652857143,.744285714,282,46.7,3060,247.5,.83,2.16,73.3,131.3
3,K-,CCL4,24h,-.732857143,-.872857143,-.202857143,-.392857143,-1.044285714,-.114285714,.302857143,.305714286,-.56,-.317142857,.434285714,184.4,50.3,2807,418.8,.93,2.87,73.6,121.8
4,K-,CCL4,24h,.867142857,.417142857,.097142857,.797142857,-.334285714,-.984285714,.232857143,1.045714286,-.71,.342857143,.014285714,190.4,41.2,1557,274.1,1.03,1.34,74.1,125.8
5,K-,CCL4,24h,-.292857143,.027142857,1.867142857,-.402857143,1.085714286,-.364285714,-1.387142857,.275714286,.21,1.332857143,-.425714286,248.1,50.8,2147,290,1,2.27,69.2,131
6,K-,CCL4,24h,-.162857143,-.632857143,.657142857,-1.082857143,-2.334285714,.725714286,-.707142857,-1.244285714,2.48,-1.477142857,.184285714,241.9,55.6,1988,280.1,1.03,1.62,71.5,137.5
7,K-,CCL4,24h,-.662857143,-.772857143,-.552857143,.117142857,.465714286,.195714286,.442857143,.035714286,.48,-1.037142857,-.055714286,237.6,53.9,2160,394.5,.27,2.59,71.5,125.8
1,K-,CCL4,72h,-.172857143,.302857143,.468571429,-.201428571,.688571429,-.792857143,.864285714,.715714286,-1.441428571,.501428571,.291428571,187.2,59.6,2095,305,.97,1.81,71.3,110.3
2,K-,CCL4,72h,.877142857,-.667142857,-.481428571,.678571429,.338571429,.697142857,-.605714286,-.194285714,-.791428571,.401428571,-.188571429,140.7,38.6,1988,246.1,1.12,1.57,67.4,105.7
3,K-,CCL4,72h,-.022857143,-.647142857,.578571429,.998571429,-.441428571,.257142857,.014285714,.045714286,-2.291428571,.451428571,.041428571,173.4,46,1988,305,1.01,2.23,68,110.3
4,K-,CCL4,72h,1.177142857,-1.337142857,.188571429,1.018571429,-.871428571,.037142857,-.785714286,1.745714286,-.001428571,.321428571,.261428571,161.6,57.5,2225,246.1,.71,2.47,71.7,121.8
5,K-,CCL4,72h,.417142857,.362857143,.298571429,-1.111428571,.018571429,.047142857,.774285714,-.264285714,.588571429,-.288571429,-.308571429,192,62.6,2223,399.8,.96,2.61,71.7,141.5
6,K-,CCL4,72h,-1.352857143,.622857143,-1.621428571,-1.241428571,-.571428571,-.072857143,-.005714286,-.944285714,2.108571429,-1.418571429,-.198571429,168.4,60,1995,358.1,.83,2.54,65.4,122.7
7,K-,CCL4,72h,-.922857143,1.362857143,.568571429,-.141428571,.838571429,-.172857143,-.255714286,-1.104285714,1.828571429,.031428571,.101428571,157.6,52.2,1812,290,.74,2.16,66.8,106.6
1,K-,EtOH,24h,-1.528333333,2.091428571,.327142857,-5.742857143,1.48,.842857143,-4.874285714,.028571429,-.96,.998571429,1.093333333,165.1,63.2,1841,379.3,1.27,2.16,72.7,118.7
2,K-,EtOH,24h,.691666667,1.021428571,-.492857143,-1.862857143,1.13,.702857143,-4.794285714,.958571429,2.33,.298571429,-.166666667,183.8,57.5,1822,401,.57,2.74,68.5,122.2
3,K-,EtOH,24h,-.528333333,.301428571,.337142857,.187142857,.35,.852857143,-5.294285714,-.851428571,-.15,.488571429,.39,189,65.7,2138,348,.67,2.76,70.8,129
4,K-,EtOH,24h,.651666667,1.741428571,.997142857,4.337142857,1.35,1.082857143,-4.194285714,-.011428571,.35,1.548571429,.533333333,198.1,56,2556,317.5,.44,2.16,62.9,119
5,K-,EtOH,24h,.201666667,.741428571,1.397142857,-2.282857143,1.09,.402857143,-4.864285714,-.851428571,.77,.278571429,1.013333333,199,53.8,2567,332,.38,1.76,66.2,124.2
6,K-,EtOH,24h,.511666667,-3.738571429,-2.022857143,-4.602857143,-4.39,-2.187142857,-5.914285714,.798571429,-.55,-2.661428571,.253333333,172.6,66.6,2004,350.9,1.14,2.8,77.3,135.6
7,K-,EtOH,24h,.355,-2.158571429,-.542857143,9.967142857,-1.01,-1.697142857,-4.865,-.071428571,-1.79,-.951428571,-2.726666667,189,56,2197,241.4,.43,2.1,70.1,118.6
1,K-,EtOH,72h,-.508,1.208333333,.325,-.231428571,-.26,-1.342857143,-.045714286,-.065714286,-.374285714,-.597142857,-.29,165.1,63.2,1841,379.3,1.27,2.16,72.7,118.7
2,K-,EtOH,72h,.13,.39,.36,-1.011428571,1.08,-.492857143,-.185714286,-.575714286,1.045714286,1.242857143,1.94,183.8,57.5,1822,401,.57,2.74,68.5,122.2
3,K-,EtOH,72h,.252,.748333333,.385,-.531428571,-.26,-1.092857143,-.075714286,-.145714286,-.714285714,-.897142857,-1.07,189,65.7,2138,348,.67,2.76,70.8,129
4,K-,EtOH,72h,.132,1.508333333,1.805,1.428571429,.7,.297142857,-.055714286,.384285714,1.735714286,-.277142857,1.15,198.1,56,2556,317.5,.44,2.16,62.9,119
5,K-,EtOH,72h,.672,-.431666667,-1.725,.448571429,-.59,3.967142857,-.915714286,-.725714286,.045714286,-.587142857,-1.12,199,53.8,2567,332,.38,1.76,66.2,124.2
6,K-,EtOH,72h,-.548,.028333333,-1.205,.058571429,-.79,-.762857143,.164285714,-.265714286,-.794285714,-.257142857,-1.16,172.6,66.6,2004,350.9,1.14,2.8,77.3,135.6
7,K-,EtOH,72h,.13,-3.061666667,.415,-.161428571,.12,-.572857143,1.114285714,1.394285714,-.944285714,1.372857143,.55,189,56,2197,241.4,.43,2.1,70.1,118.6
7,K+,APAP,24h,.158333333,.397142857,-.731428571,1.631428571,1.065714286,-.151428571,.128571429,-.25,-.071428571,-.008571429,-.578571429,237.6,53.9,2160,394.5,.27,2.59,71.5,125.8
8,K+,APAP,24h,-.181666667,-.122857143,.788571429,1.881428571,-1.634285714,-.541428571,-1.421428571,-1.36,1.628571429,-.438571429,3.641428571,174.3,78.1,1851,541.1,1.25,2.49,68.6,101.7
9,K+,APAP,24h,-.651666667,-1.572857143,-.921428571,2.371428571,.025714286,-.021428571,-2.441428571,-1.52,1.988571429,-1.068571429,-.748571429,172.2,58,1981,333,.98,1.99,64.9,104.8
10,K+,APAP,24h,-.041666667,-1.162857143,-.311428571,-.178571429,.475714286,.068571429,-1.811428571,-1.71,1.418571429,-.468571429,.591428571,186.3,61.1,2397,616.4,1.39,1.49,66.3,107
11,K+,APAP,24h,-1.811666667,-.952857143,.708571429,1.88,.425714286,.408571429,1.968571429,-1.09,3.298571429,-.76,1.161428571,184.8,56.8,2530,792.6,1.16,1.67,53,146.1
12,K+,APAP,24h,.428333333,.117142857,.858571429,2.241428571,-.214285714,.118571429,2.308571429,-.43,1.628571429,-1.208571429,.171428571,200,56.4,2882,719.7,1.34,1.97,58.8,148.9
13,K+,APAP,24h,-.061666667,.577142857,1.418571429,2.491428571,-.744285714,.158571429,3.848571429,.11,2.008571429,-.758571429,-.478571429,160.4,61.9,1610,626.4,.85,2.22,55,103.9
14,K+,APAP,24h,-.311666667,-1.152857143,1.268571429,.931428571,.625714286,-.111428571,2.808571429,-1.33,3.348571429,-.978571429,.181428571,178.7,68.1,2233,522.6,.87,2.2,60.5,111.6
8,K+,APAP,72h,.11,-.375,-2.287142857,2.265714286,.274285714,1.491428571,.128571429,-.664285714,-2.792857143,1.652857143,1.752857143,270.1,84.2,2402,327.1,.8,2.66,72.4,116.8
9,K+,APAP,72h,-.338571429,-1.41,-1.097142857,.985714286,3.394285714,.831428571,-1.421428571,-.414285714,-.212857143,.462857143,-.557142857,209.7,67.9,2986,218.2,1,2.48,68.1,144.6
10,K+,APAP,72h,-.518571429,-2.14,-1.497142857,1.165714286,1.464285714,1.041428571,-2.441428571,-1.704285714,-.172857143,.112857143,.322857143,212.6,67.8,2154,328.2,.6,2.86,77.6,108.2
11,K+,APAP,72h,.531428571,.16,-1.267142857,.535714286,2.124285714,-.338571429,-1.811428571,-1.294285714,.497142857,.062857143,-.777142857,220.4,71,2866,498.8,1.39,2.43,62.6,129.2
12,K+,APAP,72h,.301428571,.03,-2.637142857,.245714286,4.134285714,-1.348571429,1.968571429,-.574285714,.317142857,-.937142857,-.827142857,245.3,61.5,1796,315.2,1.83,3.2,66.9,114.7
13,K+,APAP,72h,.801428571,-.78,.202857143,.945714286,1.79,-.998571429,2.308571429,-1.114285714,-.562857143,.622857143,-.537142857,246.6,84.2,2937,320.1,1.46,2.49,67.2,127.3
14,K+,APAP,72h,-.078571429,.46,-1.517142857,-.084285714,1.334285714,-.548571429,3.848571429,-.834285714,.817142857,.922857143,-1.947142857,220.4,71,2402,328.2,1.39,2.49,62.6,129.2
8,K+,CCL4,24h,-.982857143,-3.472857143,-2.472857143,-1.742857143,-1.914285714,.725714286,2.808571429,-1.004285714,-1.25,-1.777142857,-1.385714286,349.6,118.4,1668,331.1,.66,1.39,63.4,141.8
9,K+,CCL4,24h,-.022857143,-2.152857143,-2.702857143,-1.512857143,-1.274285714,-.194285714,-.717142857,-1.244285714,.54,-.737142857,-1.115714286,305.7,118.4,3030,819.8,.61,1.43,68.8,141.8
10,K+,CCL4,24h,-1.832857143,-.912857143,-3.322857143,-2.122857143,-3.084285714,.395714286,.622857143,-2.174285714,-1.17,-1.617142857,-2.035714286,346.3,127.8,1949,821.2,.97,1.99,61.9,274
11,K+,CCL4,24h,-1.212857143,-.572857143,-2.272857143,-1.472857143,.705714286,.465714286,-.647142857,-.874285714,1.03,-.817142857,-.655714286,200.4,118.4,2924,350.3,.82,1.39,68.3,124.5
12,K+,CCL4,24h,-.092857143,-1.092857143,-1.922857143,-1.122857143,-2.484285714,.335714286,0.557857143,-1.484285714,1.29,.032857143,-.915714286,232.3,62.3,2858,350.3,.57,1.31,70.7,143.3
13,K+,CCL4,24h,-.002857143,-.922857143,-2.102857143,-.432857143,.745714286,.065714286,1.102857143,-.914285714,2.41,-.727142857,-.725714286,200.4,118.4,1195,343.9,.82,1.15,73.5,203.1
14,K+,CCL4,24h,-1.052857143,-1.192857143,-2.862857143,-1.032857143,-.754285714,-.304285714,.492857143,-.434285714,2.2,-.287142857,-1.425714286,206.3,79.2,1668,343.9,.66,.72,63.4,203.1
8,K+,CCL4,72h,.877142857,-1.417142857,-.391428571,-2.011428571,.418571429,-.442857143,1.524285714,.485714286,2.608571429,-.608571429,-1.048571429,317.1,188.3,1689,459.4,.59,1.13,78.1,134.1
9,K+,CCL4,72h,.517142857,.012857143,.328571429,-1.191428571,.148571429,-.232857143,1.274285714,1.135714286,2.448571429,-.888571429,-.928571429,209.1,98.7,1619,239.7,.99,1.13,68.3,133.5
10,K+,CCL4,72h,.347142857,.412857143,-.061428571,-2.791428571,.528571429,.497142857,1.004285714,-.134285714,2.018571429,-.828571429,-.638571429,206.2,56.4,1626,289.5,.65,1.23,66,129.2
11,K+,CCL4,72h,1.737142857,-.277142857,.978571429,-1.741428571,.018571429,.227142857,2.644285714,.485714286,2.168571429,-.128571429,-.438571429,295.5,124.7,1479,420.9,.61,1.34,68.1,134.4
12,K+,CCL4,72h,1.037142857,-.377142857,-.721428571,-1.911428571,.448571429,-.302857143,3.254285714,-.974285714,3.468571429,-.418571429,.051428571,197.4,124.7,1632,422.2,.74,1.5,70.7,151.7
13,K+,CCL4,72h,1.277142857,-.157142857,-1.871428571,-1.841428571,.588571429,.897142857,3.104285714,-.594285714,3.888571429,-1.428571429,-.278571429,235,76.1,1454,474.1,1.02,1.34,75,124.8
14,K+,CCL4,72h,-.282857143,-.557142857,-.161428571,-2.091428571,-.891428571,-.652857143,1.314285714,-.874285714,.128571429,-.258571429,-1.118571429,235,98.7,1665,462.1,.85,1.71,66.3,127.3
8,K+,EtOH,24h,-1.758333333,-2.288571429,-1.272857143,-1.692857143,-.64,-1.107142857,-7.114285714,-6.061428571,-2.4,-1.091428571,-1.366666667,133.1,46.2,1189,293.3,1.63,1.51,59.1,138.7
9,K+,EtOH,24h,-.918333333,-2.498571429,-1.312857143,4.657142857,-.91,-1.337142857,-6.244285714,-6.271428571,.37,-.331428571,-1.356666667,172.7,50.3,2274,262.8,1.07,1.44,63.1,142.1
10,K+,EtOH,24h,1.081666667,-1.328571429,-2.012857143,5.347142857,-1.17,-.197142857,-8.594285714,-5.211428571,.98,.778571429,-.076666667,225.7,47.5,3039,282.1,.63,1.51,58.9,139
11,K+,EtOH,24h,.281666667,.551428571,.567142857,-.682857143,.45,1.162857143,-4.824285714,-4.531428571,1.23,1.558571429,-.006666667,164.7,45.5,2439,211.5,1.72,1.7,53.4,119
12,K+,EtOH,24h,-.255,-4.068571429,-1.722857143,-5.472857143,-.775,-1.377142857,-4.254285714,-4.491428571,-1.97,-3.101428571,.543333333,167.8,58,1541,227,1.14,1.42,55.5,124.2
13,K+,EtOH,24h,-.728333333,-.718571429,.297142857,4.127142857,.82,.682857143,-5.274285714,-3.841428571,-.28,.498571429,.623333333,178.2,47.5,3040,269,1.16,1.7,54,135.6
14,K+,EtOH,24h,.931666667,-3.848571429,-2.862857143,-2.752857143,-4.4,-1.867142857,-2.794285714,-4.971428571,-.7,-3.191428571,1.833333333,178.5,58.2,3142,302.7,1.68,1.58,57.3,137.2
8,K+,EtOH,72h,-.738,-2.361666667,-.305,.028571429,-.92,-.822857143,-.815714286,-1.005714286,-.364285714,-.977142857,-.96,222.2,70.2,2073,242.6,1.21,2.93,52.7,145.2
9,K+,EtOH,72h,.382,-1.121666667,-.945,-.551428571,-1.69,-1.352857143,-2.345714286,-1.295714286,2.155714286,-1.227142857,-1.75,152.1,34.6,2627,260,1.69,1.52,51.5,109
10,K+,EtOH,72h,.302,2.198333333,.605,-.451428571,-.74,-.692857143,-.505714286,-.545714286,-1.144285714,-1.317142857,-1.8,144.3,34.9,2238,271.7,1.69,1.12,43.7,121.5
11,K+,EtOH,72h,-.368,-2.191666667,-.465,-.901428571,-1.17,-1.042857143,.254285714,-1.085714286,.575714286,-1.447142857,-1.19,190,62.9,2340,249.8,.98,1.55,61.1,175
12,K+,EtOH,72h,.302,-1.021666667,.365,.158571429,-.81,-1.202857143,-.415714286,-.325714286,3.365714286,-1.067142857,-1.56,136.2,46.7,2621,280,1.93,1.68,54.3,130.6
13,K+,EtOH,72h,.132,-.541666667,-.125,.018571429,-1.48,-2.142857143,-.395714286,.004285714,-.024285714,-.977142857,-1.73,177.6,37.6,2242,305.3,1.57,2.34,50.5,138.1
14,K+,EtOH,72h,-.188,-.841666667,-.165,-1.301428571,-1.86,-1.432857143,-.465714286,-.185714286,1.245714286,-.597142857,-2.27,114.4,46,1269,283.9,1.35,1.77,52.4,114.4
36,Mexidol,APAP,24h,-.6,-1.54,.16,1.13,-1.215,-.09,-3.191428571,-.87,2.46,-.58,.971428571,222.9,58.5,2549,453.2,1.41,2.45,64.7,120.2
37,Mexidol,APAP,24h,.288333333,-1.742857143,.788571429,.771428571,-1.144285714,.908571429,.558571429,-.38,2.078571429,1.561428571,.981428571,173.5,60.1,2584,484.4,1.12,2.29,69.2,139.6
38,Mexidol,APAP,24h,-.6,-1.652857143,.658571429,1.251428571,-1.384285714,.488571429,.858571429,-.6,2.548571429,-.578571429,.001428571,218.5,81.7,2661,330.4,1.04,2.12,66.9,118.1
39,Mexidol,APAP,24h,-.601666667,-1.832857143,.468571429,1.171428571,-.554285714,-.151428571,-1.051428571,-2.04,2.238571429,-1.538571429,1.131428571,173.5,65.3,3060,398.3,1.16,1.96,58.6,128.5
40,Mexidol,APAP,24h,.858333333,-.692857143,-2.421428571,-1.198571429,-1.664285714,-.121428571,-.271428571,-1.58,3.298571429,-.558571429,-.548571429,193.9,75.9,2668,436,1.03,2.13,61.9,119.9
41,Mexidol,APAP,24h,-1.331666667,-1.432857143,-.721428571,1.091428571,-1.154285714,-.241428571,-1.591428571,-1.14,2.028571429,-.58,.541428571,194,61.3,2521,551.2,1.16,2.34,62.2,126.7
42,Mexidol,APAP,24h,-.691666667,-1.192857143,-.151428571,1.251428571,-1.284285714,-.061428571,2.568571429,1,.798571429,-.678571429,.361428571,185.1,81.9,2095,538.2,1.24,2.26,54.5,120.2
36,Mexidol,APAP,72h,1.081428571,-.18,-.957142857,1.865714286,5.284285714,.821428571,-3.191428571,-.294285714,-.012857143,.932857143,.102857143,198.5,58.5,2690,300.2,1.19,2.1,63.2,98.6
37,Mexidol,APAP,72h,.901428571,.18,-1.637142857,1.205714286,1.354285714,-.098571429,.558571429,-1.124285714,-.042857143,.312857143,-.417142857,235.4,65.7,2271,385.8,.91,2.71,61.5,128.2
38,Mexidol,APAP,72h,1.171428571,-1.9,-1.147142857,.555714286,.474285714,2.111428571,.858571429,-1.094285714,2.057142857,.412857143,-.887142857,192.3,66.6,2271,385.8,1.38,2.33,57.5,103.6
39,Mexidol,APAP,72h,-1.108571429,-.725,-2.057142857,3.165714286,.134285714,-.468571429,-1.051428571,1.265714286,1.557142857,1.422857143,-1.917142857,207.2,60.7,2587,188.8,.92,2.2,63.3,106.3
40,Mexidol,APAP,72h,.801428571,-1.27,-2.327142857,1.755714286,4.204285714,.771428571,-.271428571,.075714286,-.242857143,1.442857143,.552857143,192.3,60.9,2530,317.4,1.05,1.99,64.1,98.3
41,Mexidol,APAP,72h,.981428571,.82,-.807142857,1.125714286,.974285714,.101428571,-1.591428571,-.084285714,1.397142857,-.047142857,.902857143,167.96,58.8,1852,400.3,.94,2.38,60.3,108.2
42,Mexidol,APAP,72h,-.508571429,-1.34,-1.137142857,1.565714286,3.554285714,1.721428571,2.568571429,-.214285714,.247142857,-.127142857,.312857143,180,71.2,1742,490.7,1.19,2.48,62.4,120.5
36,Mexidol,CCL4,24h,-.182857143,-1.132857143,-3.602857143,-.692857143,-1.014285714,.785714286,2.932857143,-.084285714,-.36,-.057142857,-.545714286,253.7,69.6,2696,349.4,.77,1.07,72,137.8
37,Mexidol,CCL4,24h,-.312857143,-1.502857143,-2.392857143,-1.132857143,-1.154285714,1.345714286,1.062857143,-1.454285714,2.33,-.427142857,-.715714286,233,62.7,1721,365.3,.94,1.96,66.7,107.9
38,Mexidol,CCL4,24h,-1.252857143,-1.382857143,-3.712857143,-1.522857143,-2.494285714,.865714286,1.932857143,-.584285714,.53,-1.527142857,-.025714286,210.5,62.7,2970,428.1,.61,1.96,66,170.1
39,Mexidol,CCL4,24h,-.582857143,-1.522857143,-3.432857143,-1.852857143,-1.524285714,.345714286,1.082857143,-1.134285714,2.03,-1.677142857,-1.865714286,204.1,53.3,2283,394.2,.5,1.96,66.7,106
40,Mexidol,CCL4,24h,-2.792857143,-.562857143,-3.722857143,-.372857143,-1.614285714,-.794285714,.682857143,-.974285714,.7,.112857143,-.555714286,239.3,79,1721,395,1.01,2.24,61.6,128.8
41,Mexidol,CCL4,24h,-.502857143,-1.262857143,-3.322857143,-1.692857143,-1.984285714,.205714286,1.712857143,-1.184285714,2.63,-1.737142857,-.975714286,233,81.4,2464,365.3,.94,1.87,68.5,135
42,Mexidol,CCL4,24h,-1.292857143,-1.552857143,-4.102857143,-1.412857143,-1.364285714,1.135714286,1.542857143,-1.064285714,.64,-2.457142857,-.895714286,204.8,72.7,1258,358.2,.64,1.48,64.9,128.8
36,Mexidol,CCL4,72h,.367142857,-.077142857,-.231428571,-1.701428571,-.141428571,-.282857143,3.174285714,-.334285714,2.828571429,-.938571429,-.568571429,228.9,42.3,1675,350.1,.99,2.71,81.8,160
37,Mexidol,CCL4,72h,1.277142857,-.207142857,-.951428571,-2.331428571,.088571429,-.372857143,2.554285714,-.554285714,2.558571429,-.828571429,-.948571429,205.6,49.7,2079,353,.55,2.47,72.2,160
38,Mexidol,CCL4,72h,.767142857,-1.197142857,-1.781428571,-1.591428571,-.061428571,-1.322857143,1.834285714,-.824285714,1.558571429,-.588571429,-1.568571429,286.1,95.6,1979,248,.68,2,96,178.5
39,Mexidol,CCL4,72h,.587142857,-.747142857,-.811428571,-.911428571,.178571429,-.552857143,2.774285714,-.974285714,2.218571429,-.298571429,-1.358571429,214.1,106,2924,177,.63,1.7,81.8,158.7
40,Mexidol,CCL4,72h,1.827142857,-.377142857,-2.551428571,-1.731428571,-.231428571,.237142857,2.594285714,-.724285714,2.068571429,-1.238571429,-1.238571429,282.4,94.9,2601,543.5,.67,1.93,54.3,166.1
41,Mexidol,CCL4,72h,1.287142857,-.387142857,-.891428571,-1.081428571,.538571429,.067142857,1.684285714,-1.104285714,3.138571429,-1.058571429,-1.328571429,226,49.7,2613,601.9,.49,2.46,96,137.2
42,Mexidol,CCL4,72h,.517142857,.272857143,-1.781428571,-.721428571,.618571429,.267142857,2.944285714,.195714286,2.468571429,-.848571429,-.018571429,214.1,84.6,2383,419.2,.94,2.75,69.3,172
36,Mexidol,EtOH,24h,-1.798333333,2.041428571,.597142857,-1.092857143,.98,2.052857143,-6.034285714,-4.761428571,1.22,1.198571429,1.543333333,148.8,33,1201,662.8,.92,2.95,64.2,87.5
37,Mexidol,EtOH,24h,.191666667,-.298571429,-.692857143,.477142857,.23,-.407142857,-7.964285714,-6.231428571,.46,.018571429,-.006666667,158.5,48,1460,423.1,.5,2.4,61.2,49.3
38,Mexidol,EtOH,24h,-.805,-2.568571429,-2.742857143,3.077142857,-8.42,-3.807142857,-3.304285714,-7.851428571,-.41,-1.681428571,-3.926666667,158.3,47,1135,366.1,2.43,1.78,58.6,90
39,Mexidol,EtOH,24h,-2.138333333,.601428571,-.572857143,-3.082857143,.86,.372857143,-7.004285714,-5.391428571,.72,-.691428571,-.886666667,151.3,39,879.6,578.3,1.28,1.99,55.9,96.2
40,Mexidol,EtOH,24h,-.805,.15,-.63,-1.912857143,3.23,-1.387142857,-7.04,-5.835,.97,.075,.09,188.5,45.9,1378,775.5,.91,1.7,67.4,77.4
41,Mexidol,EtOH,24h,.691666667,-.778571429,-.132857143,-7.882857143,1.48,.972857143,-7.134285714,-8.041428571,2.44,.158571429,.843333333,169,42.3,1559,673.9,1.05,2.42,66.2,68.7
42,Mexidol,EtOH,24h,-.805,.711428571,-.792857143,-2.732857143,1.71,1.112857143,-7.084285714,-5.441428571,3.08,.128571429,.193333333,249.3,60.5,2575,738.3,1.17,2.2,72.7,109.7
36,Mexidol,EtOH,72h,-.728,-1.551666667,.405,-.971428571,-1.41,-1.702857143,1.434285714,-1.115714286,.445714286,-1.037142857,-2.46,191.5,20.6,2141,263.8,.8,1.87,74,252.5
37,Mexidol,EtOH,72h,-1.588,-.581666667,.165,-.131428571,-.57,-1.672857143,.044285714,-1.335714286,-.094285714,-.807142857,-1.27,149,42.8,1977,307.3,1.04,1.44,58.9,111.1
38,Mexidol,EtOH,72h,-.498,-1.511666667,-1.025,-1.121428571,-1.21,-1.292857143,-1.625714286,-.525714286,.955714286,-.477142857,-2.71,150.8,28.8,1112,294.2,1.21,1.55,57.5,108
39,Mexidol,EtOH,72h,-.328,-1.921666667,.095,-.291428571,-2.2,-1.602857143,-.215714286,-.535714286,.245714286,.342857143,-2.47,118.7,31.3,1766,138.7,1.15,1.71,58.3,112.1
40,Mexidol,EtOH,72h,-.468,-1.131666667,-1.635,-1.451428571,-1.5,-1.782857143,-.305714286,-.895714286,.565714286,-1.867142857,-3.31,139.1,25.6,756.3,251.8,1.18,1.64,58.8,98.6
41,Mexidol,EtOH,72h,.402,-1.421666667,-.775,-.221428571,-1.95,-1.512857143,-2.035714286,-1.335714286,-.294285714,-.477142857,-2.92,193.1,16.6,1091,346,1.53,1.66,66.5,107.7
42,Mexidol,EtOH,72h,.682,1.298333333,-.935,-.521428571,-1.28,-1.242857143,.204285714,-.865714286,1.885714286,-1.347142857,-2,232.8,21.1,1909,397.1,2.36,2.33,73.1,217.1
50,OMU,APAP,24h,-1.021666667,-3.042857143,-.791428571,.451428571,-1.284285714,.358571429,.478571429,-2.2,3.138571429,-.988571429,.971428571,226.9,57.4,2693,430.5,1.25,2.21,66.9,114.4
51,OMU,APAP,24h,-.611666667,-.972857143,-2.831428571,1.451428571,-1.834285714,-.031428571,.388571429,-2.17,2.958571429,-.408571429,.251428571,239.6,60.5,2737,512.3,1.25,2.63,76.8,157.8
52,OMU,APAP,24h,-.741666667,-3.542857143,-.061428571,.381428571,-1.384285714,-.661428571,2.238571429,-1.33,2.398571429,-.828571429,-.318571429,205.7,52.1,2403,391.4,1.56,1.94,69.6,94.6
53,OMU,APAP,24h,-.88,-2.852857143,1.558571429,2.251428571,-1.794285714,-.011428571,2.138571429,-1.88,2.048571429,-1.048571429,-.108571429,177,59.4,1847,494.7,1.27,1.78,67.3,105.4
54,OMU,APAP,24h,-1.951666667,-1.562857143,-.421428571,.615,.175714286,-5.081428571,-.621428571,-.64,2.718571429,-.578571429,.141428571,222.1,56.1,2958,474.2,1.24,2.61,72.7,116.5
55,OMU,APAP,24h,-1.221666667,-1.322857143,.998571429,.781428571,-.894285714,.128571429,4.448571429,-.33,1.528571429,-.468571429,-.258571429,191.1,52.9,2173,605.7,1.31,2.75,69.2,127.9
56,OMU,APAP,24h,.048333333,-.392857143,-.261428571,-.168571429,-1.094285714,-.091428571,1.008571429,-3.05,.718571429,-.705,1.221428571,235.3,84,2359,474.2,.95,2.31,64.2,111.6
50,OMU,APAP,72h,-.448571429,-.54,-1.205,3.515714286,.674285714,-3.008571429,.478571429,-1.494285714,.077142857,-.215,2.552857143,226.6,66.9,2433,442.6,.93,2.78,73.9,116.2
51,OMU,APAP,72h,-.228571429,-.9,-3.197142857,2.885714286,1.264285714,.791428571,.388571429,-1.144285714,1.067142857,1.002857143,2.452857143,176.7,61.4,2572,286.9,1.33,2.94,73.2,100.5
52,OMU,APAP,72h,1.161428571,-.24,-2.627142857,.695714286,2.104285714,.601428571,2.238571429,.385714286,-.312857143,-.727142857,-.287142857,184.2,65.5,1769,375,1.1,3.18,66.2,114.4
53,OMU,APAP,72h,1.101428571,-.54,-1.287142857,.825714286,1.284285714,1.501428571,2.138571429,-.884285714,-.372857143,.012857143,-.177142857,165.3,47.7,1793,280.3,1.07,2.63,67.5,114.4
54,OMU,APAP,72h,.751428571,-.54,.732857143,1.805714286,.634285714,.171428571,-.621428571,.765714286,.087142857,-.487142857,.652857143,197.9,68.6,2129,481.8,1.01,3.08,70.3,145.8
55,OMU,APAP,72h,.331428571,1.22,-1.117142857,.935714286,.174285714,.591428571,4.448571429,.385714286,1.857142857,.302857143,-.257142857,176.7,89.9,2021,456.6,.85,3.45,71.5,127
56,OMU,APAP,72h,-.008571429,-.65,-.987142857,1.355714286,1.194285714,1.751428571,1.008571429,-.154285714,.657142857,-.437142857,.302857143,219.2,81.2,2227,388,1.09,2.66,63.1,130.4
50,OMU,CCL4,24h,-1.682857143,-2.132857143,-2.992857143,-1.602857143,-1.004285714,-.334285714,1.922857143,-3.284285714,.66,-1.357142857,-1.815714286,149.4,54.2,1671,383.2,1.14,1.25,68.8,134.7
51,OMU,CCL4,24h,-.302857143,-1.252857143,-2.852857143,-1.622857143,-.134285714,.185714286,2.112857143,-.574285714,.14,-1.757142857,-.475714286,149.4,67.9,2113,383.2,.73,1.34,68.8,134.7
52,OMU,CCL4,24h,-.242857143,-1.122857143,-3.092857143,-1.312857143,-.824285714,-.034285714,2.442857143,-1.004285714,.71,-.417142857,-.635714286,174.2,67.9,2500,409.2,.46,.87,65.7,143
53,OMU,CCL4,24h,-1.262857143,.197142857,-3.392857143,-.842857143,-2.804285714,.765714286,2.432857143,-2.074285714,1.64,-.307142857,-.065714286,180.5,82.8,2434,220.5,.73,1.47,67.6,131.6
54,OMU,CCL4,24h,-.662857143,-.642857143,-4.892857143,-2.112857143,3.755714286,-.474285714,1.572857143,-2.074285714,.85,-2.087142857,-.925714286,174.2,67.9,2113,370,.39,1.34,56.5,124.2
55,OMU,CCL4,24h,-2.472857143,-1.752857143,-3.272857143,1.347142857,-4.094285714,1.265714286,-.137142857,-2.604285714,2.24,-1.897142857,-1.275714286,149.4,82.8,2603,370,.79,1.19,63.2,111
56,OMU,CCL4,24h,-1.842857143,-2.162857143,-3.232857143,-.062857143,-.82,.385714286,1.792857143,-.964285714,1.31,-.857142857,.034285714,174.2,82.1,1653,370,1.31,1.42,63.2,115.3
50,OMU,CCL4,72h,.087142857,-1.237142857,-1.271428571,-1.471428571,-.221428571,.587142857,1.414285714,-1.294285714,.938571429,-1.178571429,-1.798571429,198,62.4,1648,430.4,.45,1.83,54.4,114.4
51,OMU,CCL4,72h,.067142857,-1.187142857,-1.891428571,-2.261428571,.108571429,-.662857143,2.184285714,1.705714286,1.738571429,-1.158571429,-.978571429,198,92,2672,550,.84,1.5,66.1,122.7
52,OMU,CCL4,72h,1.567142857,-.537142857,-1.931428571,-1.021428571,.918571429,.567142857,1.854285714,-.164285714,2.988571429,-1.078571429,-1.578571429,193,72.9,2135,548.6,.49,1.57,56.9,100.8
53,OMU,CCL4,72h,-.312857143,-1.127142857,-3.331428571,-.261428571,.228571429,1.047142857,2.404285714,-.484285714,4.068571429,-1.508571429,-.838571429,279.7,72.9,1732,472.3,.52,1.83,67.7,117.7
54,OMU,CCL4,72h,-.632857143,-.077142857,-.651428571,-2.161428571,.758571429,.757142857,3.404285714,.545714286,1.838571429,-1.218571429,-1.028571429,264.9,64.9,1494,363.4,.55,1.57,71.2,161.8
55,OMU,CCL4,72h,.447142857,-2.397142857,-1.861428571,-1.451428571,.288571429,.337142857,1.314285714,-.674285714,.718571429,-1.188571429,-1.258571429,249.3,92.5,1709,284.6,.52,1.59,63.5,104.8
56,OMU,CCL4,72h,-.042857143,.102857143,-.341428571,-1.971428571,1.028571429,-.412857143,4.874285714,1.045714286,2.168571429,-.928571429,-1.218571429,198,92,1861,490.1,.59,1.48,64.3,121.8
50,OMU,EtOH,24h,1.071666667,1.021428571,1.047142857,-4.422857143,.88,.772857143,-4.234285714,-3.611428571,2.37,-.701428571,.713333333,149.6,33.6,1187,450.9,2.03,1.99,121.4,130
51,OMU,EtOH,24h,1.081666667,.671428571,1.767142857,-1.322857143,2.74,2.252857143,-4.664285714,-3.111428571,1.6,.278571429,.983333333,135.4,34.9,836.8,270.1,1.81,2.64,64.1,105.7
52,OMU,EtOH,24h,-.688333333,.031428571,-.352857143,1.047142857,.67,-.297142857,-5.114285714,-4.281428571,1.72,.378571429,-.336666667,189.4,44.1,861.1,285.9,.89,1.7,62.1,121.8
53,OMU,EtOH,24h,1.231666667,.131428571,.847142857,-3.122857143,1.07,1.132857143,-4.504285714,-3.341428571,1.51,-.111428571,.533333333,168,43.4,1249,464,.88,1.73,46.2,92.8
54,OMU,EtOH,24h,.091666667,.811428571,1.087142857,-2.612857143,1.17,1.722857143,-5.024285714,-3.391428571,3.13,.218571429,1.513333333,165,32.8,1001,548.6,.69,1.86,56.7,129.8
55,OMU,EtOH,24h,-.208333333,1.311428571,.647142857,-1.965,2.08,1.962857143,-5.494285714,-4.741428571,2.33,.178571429,1.203333333,157.9,35.2,985,434.2,.44,1.8,63.8,100.8
56,OMU,EtOH,24h,-.328333333,-.838571429,.297142857,-.632857143,-.3,.942857143,-6.204285714,-4.851428571,.02,.378571429,1.193333333,179.8,30.3,1036,300.2,1.19,1.82,63.3,94.9
50,OMU,EtOH,72h,.072,2.868333333,.975,-.341428571,.6,-.242857143,2.234285714,-.025714286,1.665714286,1.572857143,1.28,155.6,27,1723,347.4,.58,3.3,60.9,106.7
51,OMU,EtOH,72h,-1.058,-.511666667,.375,-.791428571,-1.81,-1.422857143,-1.385714286,.144285714,-.634285714,-1.647142857,-2.25,162.1,41.4,1973,247.4,1.01,2.93,54.2,116.5
52,OMU,EtOH,72h,-.968,-.401666667,-.265,-1.181428571,-2.74,-1.752857143,-1.325714286,-.985714286,.015714286,-1.857142857,-2.96,118.4,15.7,712,303.1,.66,3.83,55.1,86.1
53,OMU,EtOH,72h,-.665,.175,1.495,1.588571429,3.18,.677142857,.934285714,.434285714,1.065714286,-1.405,-2.52,157.3,24.5,999.8,415.9,.29,2.9,54.2,85.7
54,OMU,EtOH,72h,.642,.318333333,3.595,-1.131428571,-1.49,-1.892857143,-1.065714286,-.945714286,-.274285714,-.997142857,-2.79,155.6,27,1723,347.4,.58,3.3,60.9,106.7
55,OMU,EtOH,72h,-1.078,.028333333,.005,-.931428571,-1.45,.677142857,-1.365714286,-1.015714286,.545714286,-1.297142857,-3.29,185,19.6,1700,274.5,1.3,3.3,55.4,157
56,OMU,EtOH,72h,-.358,.638333333,1.195,-.191428571,-1.85,-1.832857143,-.755714286,-.665714286,.845714286,-1.507142857,-1.19,150.3,23.1,1788,229.5,.79,3.23,53.3,108.4
